Div;Date;Time;HomeTeam;AwayTeam;FTHG;FTAG;FTR;HTHG;HTAG;HTR;HS;AS;HST;AST;HF;AF;HC;AC;HY;AY;HR;AR
SP1;13/08/2021;20:00:00;Valencia;Getafe;1;0;H;1;0;H;4;22;2;4;24;15;1;9;6;3;1;1
SP1;14/08/2021;18:30:00;Cadiz;Levante;1;1;D;0;1;A;7;12;2;3;10;16;2;4;1;5;0;0
SP1;14/08/2021;18:30:00;Mallorca;Betis;1;1;D;1;0;H;6;10;2;1;12;18;4;3;1;3;0;0
SP1;14/08/2021;21:00:00;Alaves;Real Madrid;1;4;A;0;0;D;11;19;4;7;14;10;0;4;1;2;0;0
SP1;14/08/2021;21:00:00;Osasuna;Espanol;0;0;D;0;0;D;14;10;1;3;18;12;4;6;3;3;0;0
SP1;15/08/2021;16:30:00;Celta;Ath Madrid;1;2;A;0;1;A;10;13;2;4;11;9;2;5;4;5;1;1
SP1;15/08/2021;19:00:00;Barcelona;Sociedad;4;2;H;2;0;H;13;11;8;3;11;18;5;3;2;4;0;0
SP1;15/08/2021;21:15:00;Sevilla;Vallecano;3;0;H;1;0;H;21;4;8;3;14;7;4;0;1;0;0;1
SP1;16/08/2021;19:00:00;Villarreal;Granada;0;0;D;0;0;D;14;6;4;1;19;21;6;2;5;1;1;0
SP1;16/08/2021;21:00:00;Elche;Ath Bilbao;0;0;D;0;0;D;8;9;2;3;13;19;6;8;2;2;0;0
SP1;20/08/2021;20:00:00;Betis;Cadiz;1;1;D;1;1;D;16;8;7;3;12;10;4;5;4;0;0;0
SP1;21/08/2021;16:00:00;Alaves;Mallorca;0;1;A;0;0;D;9;12;4;2;14;15;1;8;3;3;1;0
SP1;21/08/2021;18:30:00;Espanol;Villarreal;0;0;D;0;0;D;14;12;3;2;10;10;9;7;3;4;0;0
SP1;21/08/2021;18:30:00;Granada;Valencia;1;1;D;1;0;H;9;18;2;7;14;12;2;6;4;2;0;0
SP1;21/08/2021;21:00:00;Ath Bilbao;Barcelona;1;1;D;0;0;D;16;9;7;3;15;10;13;2;1;2;0;1
SP1;22/08/2021;16:00:00;Sociedad;Vallecano;1;0;H;0;0;D;13;9;8;1;19;15;5;4;3;4;0;0
SP1;22/08/2021;18:30:00;Ath Madrid;Elche;1;0;H;1;0;H;8;4;4;2;16;10;2;1;2;2;0;0
SP1;22/08/2021;21:00:00;Levante;Real Madrid;3;3;D;0;1;A;8;19;4;5;17;7;4;6;3;2;1;0
SP1;23/08/2021;19:00:00;Getafe;Sevilla;0;1;A;0;0;D;12;9;0;3;18;10;5;4;2;2;0;0
SP1;23/08/2021;21:00:00;Osasuna;Celta;0;0;D;0;0;D;15;4;7;0;19;8;1;2;4;3;0;0
SP1;27/08/2021;19:00:00;Mallorca;Espanol;1;0;H;1;0;H;12;8;6;3;16;17;3;2;4;3;0;1
SP1;27/08/2021;21:15:00;Valencia;Alaves;3;0;H;2;0;H;9;10;4;3;20;15;4;4;1;4;0;0
SP1;28/08/2021;16:00:00;Celta;Ath Bilbao;0;1;A;0;1;A;13;6;0;2;12;11;5;4;2;1;0;0
SP1;28/08/2021;18:30:00;Elche;Sevilla;1;1;D;1;1;D;7;18;4;5;6;9;5;3;2;0;0;0
SP1;28/08/2021;18:30:00;Sociedad;Levante;1;0;H;1;0;H;7;6;2;0;17;13;2;2;1;1;0;0
SP1;28/08/2021;21:00:00;Betis;Real Madrid;0;1;A;0;0;D;11;13;6;3;15;13;3;7;5;3;0;0
SP1;29/08/2021;16:00:00;Barcelona;Getafe;2;1;H;2;1;H;7;8;3;3;16;22;3;2;3;1;0;0
SP1;29/08/2021;18:30:00;Cadiz;Osasuna;2;3;A;1;0;H;7;14;3;4;9;6;4;11;4;0;0;0
SP1;29/08/2021;18:30:00;Vallecano;Granada;4;0;H;3;0;H;19;9;6;3;19;14;5;6;1;4;0;0
SP1;29/08/2021;21:00:00;Ath Madrid;Villarreal;2;2;D;0;0;D;24;2;5;2;11;6;16;0;4;2;0;0
SP1;11/09/2021;17:30:00;Levante;Vallecano;1;1;D;1;0;H;7;22;2;6;14;16;2;5;3;4;0;0
SP1;11/09/2021;20:00:00;Ath Bilbao;Mallorca;2;0;H;0;0;D;19;7;5;1;7;13;7;2;1;2;0;0
SP1;12/09/2021;13:00:00;Espanol;Ath Madrid;1;2;A;1;0;H;9;13;3;3;10;11;6;3;1;4;0;0
SP1;12/09/2021;15:15:00;Osasuna;Valencia;1;4;A;1;1;D;11;10;2;4;20;14;4;4;4;2;0;0
SP1;12/09/2021;17:30:00;Cadiz;Sociedad;0;2;A;0;0;D;6;16;1;4;10;9;2;8;4;0;1;0
SP1;12/09/2021;20:00:00;Real Madrid;Celta;5;2;H;1;2;A;15;11;11;4;8;16;7;3;2;3;0;0
SP1;13/09/2021;19:00:00;Getafe;Elche;0;1;A;0;0;D;10;8;1;3;6;14;8;2;2;3;0;0
SP1;13/09/2021;21:00:00;Granada;Betis;1;2;A;0;1;A;11;19;2;9;7;14;6;8;1;2;0;0
SP1;17/09/2021;20:00:00;Celta;Cadiz;1;2;A;0;2;A;14;7;4;3;8;8;7;1;3;3;0;0
SP1;18/09/2021;13:00:00;Vallecano;Getafe;3;0;H;1;0;H;11;13;5;3;20;16;5;3;6;7;0;0
SP1;18/09/2021;15:15:00;Ath Madrid;Ath Bilbao;0;0;D;0;0;D;14;6;2;0;10;13;5;5;6;2;1;0
SP1;18/09/2021;17:30:00;Elche;Levante;1;1;D;1;0;H;9;11;2;6;10;14;4;7;2;2;0;0
SP1;18/09/2021;20:00:00;Alaves;Osasuna;0;2;A;0;2;A;8;13;3;5;11;14;2;8;4;3;0;0
SP1;19/09/2021;13:00:00;Mallorca;Villarreal;0;0;D;0;0;D;10;11;1;3;11;16;3;1;2;3;0;0
SP1;19/09/2021;15:15:00;Sociedad;Sevilla;0;0;D;0;0;D;11;11;4;4;16;11;5;6;2;3;0;0
SP1;19/09/2021;17:30:00;Betis;Espanol;2;2;D;2;1;H;23;11;9;4;13;9;10;4;4;4;1;0
SP1;19/09/2021;20:00:00;Valencia;Real Madrid;1;2;A;0;0;D;12;18;4;10;14;14;2;5;1;5;0;0
SP1;20/09/2021;20:00:00;Barcelona;Granada;1;1;D;0;1;A;17;5;6;2;15;20;12;4;3;6;0;0
SP1;21/09/2021;18:30:00;Getafe;Ath Madrid;1;2;A;1;0;H;7;12;2;4;15;11;2;5;4;5;1;0
SP1;21/09/2021;21:00:00;Ath Bilbao;Vallecano;1;2;A;1;1;D;8;8;1;3;16;20;2;1;3;3;0;0
SP1;21/09/2021;21:00:00;Levante;Celta;0;2;A;0;0;D;6;4;2;2;16;12;2;4;3;2;0;0
SP1;22/09/2021;18:30:00;Espanol;Alaves;1;0;H;0;0;D;10;8;2;2;14;18;4;8;2;1;0;0
SP1;22/09/2021;18:30:00;Sevilla;Valencia;3;1;H;3;1;H;11;8;5;3;25;21;1;4;5;3;0;0
SP1;22/09/2021;21:00:00;Real Madrid;Mallorca;6;1;H;3;1;H;18;17;12;5;18;8;3;2;2;1;0;0
SP1;22/09/2021;21:00:00;Villarreal;Elche;4;1;H;2;1;H;14;9;9;3;16;11;8;7;1;2;0;0
SP1;23/09/2021;18:30:00;Granada;Sociedad;2;3;A;1;0;H;10;20;2;11;11;16;4;7;5;1;0;0
SP1;23/09/2021;18:30:00;Osasuna;Betis;1;3;A;1;1;D;11;16;3;9;18;10;4;7;2;0;0;0
SP1;23/09/2021;21:00:00;Cadiz;Barcelona;0;0;D;0;0;D;13;6;3;2;16;8;4;5;3;4;0;1
SP1;25/09/2021;13:00:00;Alaves;Ath Madrid;1;0;H;1;0;H;7;13;1;1;18;11;3;8;2;3;0;0
SP1;25/09/2021;15:15:00;Valencia;Ath Bilbao;1;1;D;0;0;D;13;12;6;4;14;17;4;5;5;2;1;0
SP1;25/09/2021;17:30:00;Sevilla;Espanol;2;0;H;1;0;H;12;13;5;2;10;8;4;8;4;0;1;0
SP1;25/09/2021;20:00:00;Real Madrid;Villarreal;0;0;D;0;0;D;15;6;2;2;10;12;6;3;1;2;0;0
SP1;26/09/2021;13:00:00;Mallorca;Osasuna;2;3;A;2;1;H;17;12;8;6;8;17;5;5;2;3;0;0
SP1;26/09/2021;15:15:00;Barcelona;Levante;3;0;H;2;0;H;20;6;12;2;11;16;11;1;1;3;0;0
SP1;26/09/2021;17:30:00;Sociedad;Elche;1;0;H;0;0;D;17;5;5;2;12;16;6;1;1;3;0;0
SP1;26/09/2021;17:30:00;Vallecano;Cadiz;3;1;H;2;1;H;13;6;6;1;11;11;4;3;2;4;0;0
SP1;26/09/2021;20:00:00;Betis;Getafe;2;0;H;1;0;H;20;8;5;3;12;19;3;3;1;3;0;0
SP1;27/09/2021;20:00:00;Celta;Granada;1;0;H;0;0;D;14;7;5;4;9;12;5;3;2;7;0;0
SP1;01/10/2021;20:00:00;Ath Bilbao;Alaves;1;0;H;1;0;H;16;17;5;5;16;12;13;9;3;2;0;0
SP1;02/10/2021;13:00:00;Osasuna;Vallecano;1;0;H;0;0;D;7;7;3;0;19;9;6;3;3;3;0;0
SP1;02/10/2021;15:15:00;Mallorca;Levante;1;0;H;0;0;D;9;6;7;2;18;25;8;3;4;4;0;0
SP1;02/10/2021;17:30:00;Cadiz;Valencia;0;0;D;0;0;D;2;16;1;4;16;11;1;3;3;4;0;0
SP1;02/10/2021;20:00:00;Ath Madrid;Barcelona;2;0;H;2;0;H;6;9;3;2;13;10;2;6;2;1;0;0
SP1;03/10/2021;13:00:00;Elche;Celta;1;0;H;0;0;D;12;10;5;1;14;19;7;4;4;3;0;0
SP1;03/10/2021;15:15:00;Espanol;Real Madrid;2;1;H;1;0;H;8;18;4;4;12;13;2;8;2;1;0;0
SP1;03/10/2021;17:30:00;Getafe;Sociedad;1;1;D;1;0;H;9;10;2;5;16;11;2;5;4;2;0;0
SP1;03/10/2021;17:30:00;Villarreal;Betis;2;0;H;1;0;H;11;10;5;3;14;9;4;6;2;4;0;0
SP1;03/10/2021;20:00:00;Granada;Sevilla;1;0;H;1;0;H;3;14;1;3;13;11;2;6;3;4;0;1
SP1;16/10/2021;17:30:00;Levante;Getafe;0;0;D;0;0;D;6;14;2;4;14;10;3;11;3;3;0;0
SP1;16/10/2021;20:00:00;Sociedad;Mallorca;1;0;H;0;0;D;10;7;2;1;11;21;2;6;3;3;1;0
SP1;17/10/2021;13:00:00;Vallecano;Elche;2;1;H;1;1;D;10;7;4;3;16;11;6;2;2;2;0;0
SP1;17/10/2021;15:15:00;Celta;Sevilla;0;1;A;0;0;D;14;8;3;2;13;9;5;4;2;3;0;0
SP1;17/10/2021;17:30:00;Villarreal;Osasuna;1;2;A;0;1;A;11;6;6;2;6;14;4;4;1;5;0;0
SP1;17/10/2021;20:00:00;Barcelona;Valencia;3;1;H;2;1;H;12;9;5;3;16;13;9;3;2;3;0;0
SP1;18/10/2021;18:00:00;Alaves;Betis;0;1;A;0;0;D;14;19;2;4;8;11;7;7;1;1;0;0
SP1;18/10/2021;20:00:00;Espanol;Cadiz;2;0;H;1;0;H;14;13;6;2;8;10;7;9;1;0;0;0
SP1;22/10/2021;20:00:00;Osasuna;Granada;1;1;D;1;0;H;17;9;6;4;15;11;4;1;1;3;1;0
SP1;23/10/2021;13:00:00;Valencia;Mallorca;2;2;D;0;2;A;20;9;6;4;15;19;5;0;4;5;0;2
SP1;23/10/2021;15:15:00;Cadiz;Alaves;0;2;A;0;1;A;23;8;4;4;11;14;14;3;0;2;0;0
SP1;23/10/2021;17:30:00;Elche;Espanol;2;2;D;1;0;H;12;20;7;7;15;9;3;7;3;1;0;0
SP1;23/10/2021;20:00:00;Ath Bilbao;Villarreal;2;1;H;1;1;D;14;11;7;3;7;12;9;2;0;3;0;0
SP1;24/10/2021;13:00:00;Sevilla;Levante;5;3;H;3;1;H;18;12;11;7;13;6;10;3;1;2;0;0
SP1;24/10/2021;15:15:00;Barcelona;Real Madrid;1;2;A;0;1;A;12;10;2;5;17;13;7;4;1;1;0;0
SP1;24/10/2021;17:30:00;Betis;Vallecano;3;2;H;2;1;H;11;14;5;3;12;12;4;4;1;2;0;0
SP1;24/10/2021;20:00:00;Ath Madrid;Sociedad;2;2;D;0;1;A;17;8;4;4;14;14;4;3;1;3;0;0
SP1;25/10/2021;20:00:00;Getafe;Celta;0;3;A;0;0;D;11;16;2;8;15;11;2;7;2;2;2;0
SP1;26/10/2021;18:00:00;Alaves;Elche;1;0;H;0;0;D;16;4;5;1;13;9;4;7;1;1;0;0
SP1;26/10/2021;20:00:00;Espanol;Ath Bilbao;1;1;D;1;0;H;14;23;3;7;7;12;8;12;1;2;1;0
SP1;26/10/2021;20:30:00;Villarreal;Cadiz;3;3;D;1;2;A;14;9;5;4;13;9;8;2;3;6;0;0
SP1;27/10/2021;18:00:00;Mallorca;Sevilla;1;1;D;1;0;H;11;10;4;3;16;14;4;2;3;6;1;0
SP1;27/10/2021;18:00:00;Vallecano;Barcelona;1;0;H;1;0;H;13;16;3;1;17;12;3;7;2;2;0;0
SP1;27/10/2021;19:00:00;Betis;Valencia;4;1;H;2;1;H;14;10;9;4;14;19;4;7;2;5;0;0
SP1;27/10/2021;20:30:00;Real Madrid;Osasuna;0;0;D;0;0;D;17;7;3;0;12;10;11;3;1;1;0;0
SP1;28/10/2021;18:00:00;Celta;Sociedad;0;2;A;0;0;D;14;11;6;4;12;11;7;6;1;0;0;0
SP1;28/10/2021;19:00:00;Granada;Getafe;1;1;D;0;1;A;18;6;3;4;10;15;5;0;1;4;0;0
SP1;28/10/2021;20:30:00;Levante;Ath Madrid;2;2;D;1;1;D;10;7;3;3;15;11;5;2;3;5;1;0
SP1;30/10/2021;13:00:00;Elche;Real Madrid;1;2;A;0;1;A;13;17;4;5;11;13;5;4;2;0;1;0
SP1;30/10/2021;15:15:00;Sevilla;Osasuna;2;0;H;1;0;H;16;10;4;3;17;10;4;5;2;2;0;0
SP1;30/10/2021;17:30:00;Valencia;Villarreal;2;0;H;1;0;H;9;11;3;1;19;17;7;6;2;4;0;0
SP1;30/10/2021;20:00:00;Barcelona;Alaves;1;1;D;0;0;D;16;3;5;2;11;11;9;0;0;2;0;0
SP1;31/10/2021;13:00:00;Cadiz;Mallorca;1;1;D;0;1;A;13;11;2;5;14;16;6;5;3;7;0;2
SP1;31/10/2021;15:15:00;Ath Madrid;Betis;3;0;H;1;0;H;18;8;9;1;11;12;13;0;0;0;0;0
SP1;31/10/2021;17:30:00;Getafe;Espanol;2;1;H;1;1;D;12;10;7;3;18;11;6;11;7;4;0;0
SP1;31/10/2021;20:00:00;Sociedad;Ath Bilbao;1;1;D;0;0;D;8;11;3;5;21;14;2;7;4;3;0;1
SP1;01/11/2021;17:30:00;Vallecano;Celta;0;0;D;0;0;D;11;10;5;4;13;14;4;7;2;5;0;0
SP1;01/11/2021;20:00:00;Levante;Granada;0;3;A;0;2;A;12;12;3;6;14;13;3;5;4;2;0;0
SP1;05/11/2021;20:00:00;Ath Bilbao;Cadiz;0;1;A;0;1;A;15;8;5;4;14;19;5;1;2;1;0;0
SP1;06/11/2021;13:00:00;Espanol;Granada;2;0;H;2;0;H;17;18;6;5;12;8;5;3;1;1;0;0
SP1;06/11/2021;15:15:00;Celta;Barcelona;3;3;D;0;3;A;18;10;4;6;18;18;3;1;3;6;0;0
SP1;06/11/2021;17:30:00;Alaves;Levante;2;1;H;0;1;A;10;12;3;7;21;17;1;3;3;3;0;0
SP1;06/11/2021;20:00:00;Real Madrid;Vallecano;2;1;H;2;0;H;15;19;7;7;8;14;4;5;1;2;0;0
SP1;07/11/2021;13:00:00;Villarreal;Getafe;1;0;H;1;0;H;10;5;4;2;12;13;6;4;1;1;0;0
SP1;07/11/2021;15:15:00;Valencia;Ath Madrid;3;3;D;0;1;A;11;13;5;7;12;17;9;0;2;2;0;0
SP1;07/11/2021;17:30:00;Mallorca;Elche;2;2;D;0;0;D;18;7;6;2;11;19;3;3;2;3;0;0
SP1;07/11/2021;17:30:00;Osasuna;Sociedad;0;2;A;0;0;D;6;9;2;4;11;12;5;2;0;2;0;0
SP1;07/11/2021;20:00:00;Betis;Sevilla;0;2;A;0;0;D;8;11;1;2;12;13;2;1;3;1;1;0
SP1;19/11/2021;20:00:00;Levante;Ath Bilbao;0;0;D;0;0;D;15;7;2;2;16;7;6;3;2;1;0;0
SP1;20/11/2021;13:00:00;Celta;Villarreal;1;1;D;0;1;A;12;18;3;6;14;17;3;5;1;1;0;0
SP1;20/11/2021;15:15:00;Sevilla;Alaves;2;2;D;1;2;A;16;8;6;3;14;17;5;2;4;4;0;0
SP1;20/11/2021;17:30:00;Ath Madrid;Osasuna;1;0;H;0;0;D;15;9;2;3;7;8;7;4;2;2;0;0
SP1;20/11/2021;20:00:00;Barcelona;Espanol;1;0;H;0;0;D;16;12;6;2;17;9;4;4;4;2;0;0
SP1;21/11/2021;13:00:00;Getafe;Cadiz;4;0;H;1;0;H;17;10;8;2;14;7;3;7;2;4;0;0
SP1;21/11/2021;15:15:00;Granada;Real Madrid;1;4;A;1;2;A;11;21;3;10;10;7;9;6;1;1;1;0
SP1;21/11/2021;17:30:00;Elche;Betis;0;3;A;0;3;A;14;9;4;4;12;14;10;1;1;2;0;1
SP1;21/11/2021;20:00:00;Sociedad;Valencia;0;0;D;0;0;D;9;8;2;3;11;16;2;4;4;7;1;0
SP1;22/11/2021;20:00:00;Vallecano;Mallorca;3;1;H;2;0;H;15;11;6;5;14;17;6;4;3;2;0;0
SP1;26/11/2021;20:00:00;Ath Bilbao;Granada;2;2;D;1;2;A;17;8;5;4;12;9;8;3;1;1;1;0
SP1;27/11/2021;13:00:00;Alaves;Celta;1;2;A;1;1;D;13;8;5;5;12;15;5;3;3;2;0;0
SP1;27/11/2021;15:15:00;Valencia;Vallecano;1;1;D;1;0;H;8;12;4;6;18;15;3;9;6;5;0;0
SP1;27/11/2021;17:30:00;Mallorca;Getafe;0;0;D;0;0;D;12;11;2;0;8;19;2;0;3;0;0;0
SP1;27/11/2021;20:00:00;Villarreal;Barcelona;1;3;A;0;0;D;14;12;2;6;19;14;4;4;2;2;0;0
SP1;28/11/2021;13:00:00;Betis;Levante;3;1;H;0;1;A;26;8;8;2;16;9;5;8;2;3;0;0
SP1;28/11/2021;15:15:00;Espanol;Sociedad;1;0;H;0;0;D;8;10;2;4;15;7;2;9;1;1;0;0
SP1;28/11/2021;17:30:00;Cadiz;Ath Madrid;1;4;A;0;0;D;8;17;0;7;13;11;4;8;2;0;0;0
SP1;28/11/2021;20:00:00;Real Madrid;Sevilla;2;1;H;1;1;D;14;11;4;6;10;9;0;4;3;3;0;0
SP1;29/11/2021;20:00:00;Osasuna;Elche;1;1;D;1;1;D;17;10;4;4;16;12;5;4;1;3;0;0
SP1;01/12/2021;20:00:00;Real Madrid;Ath Bilbao;1;0;H;1;0;H;17;18;7;2;12;13;7;6;2;3;0;0
SP1;03/12/2021;20:00:00;Granada;Alaves;2;1;H;1;0;H;9;14;2;2;17;15;3;5;2;2;0;0
SP1;04/12/2021;13:00:00;Sevilla;Villarreal;1;0;H;1;0;H;8;16;3;2;9;10;5;8;2;2;0;0
SP1;04/12/2021;15:15:00;Barcelona;Betis;0;1;A;0;0;D;12;8;3;2;17;12;6;1;1;2;0;0
SP1;04/12/2021;17:30:00;Ath Madrid;Mallorca;1;2;A;0;0;D;14;10;6;3;13;16;8;5;2;5;0;0
SP1;04/12/2021;20:00:00;Sociedad;Real Madrid;0;2;A;0;0;D;11;13;0;8;12;8;5;5;2;0;0;0
SP1;05/12/2021;13:00:00;Vallecano;Espanol;1;0;H;0;0;D;7;10;0;3;18;11;6;3;3;3;0;1
SP1;05/12/2021;15:15:00;Elche;Cadiz;3;1;H;1;0;H;8;15;3;6;16;15;3;3;7;3;0;0
SP1;05/12/2021;17:30:00;Levante;Osasuna;0;0;D;0;0;D;11;11;3;1;12;16;7;2;2;3;0;0
SP1;05/12/2021;20:00:00;Celta;Valencia;1;2;A;1;1;D;11;8;5;5;10;22;6;4;3;2;0;0
SP1;06/12/2021;20:00:00;Getafe;Ath Bilbao;0;0;D;0;0;D;17;9;5;3;14;14;5;3;2;1;0;0
SP1;10/12/2021;20:00:00;Mallorca;Celta;0;0;D;0;0;D;12;14;1;5;14;11;7;4;3;2;0;0
SP1;11/12/2021;13:00:00;Espanol;Levante;4;3;H;1;2;A;17;14;8;5;9;15;4;2;4;4;0;1
SP1;11/12/2021;15:15:00;Alaves;Getafe;1;1;D;0;1;A;9;11;1;2;18;15;1;1;4;4;1;0
SP1;11/12/2021;17:30:00;Valencia;Elche;2;1;H;1;0;H;21;8;8;4;15;12;8;1;3;2;0;0
SP1;11/12/2021;20:00:00;Ath Bilbao;Sevilla;0;1;A;0;1;A;13;6;2;1;17;10;9;2;4;3;0;0
SP1;12/12/2021;13:00:00;Villarreal;Vallecano;2;0;H;2;0;H;13;19;5;7;16;14;5;6;1;3;0;0
SP1;12/12/2021;15:15:00;Osasuna;Barcelona;2;2;D;1;1;D;8;10;3;2;16;16;6;5;5;4;0;0
SP1;12/12/2021;17:30:00;Betis;Sociedad;4;0;H;1;0;H;11;15;5;5;12;10;4;7;3;1;0;0
SP1;12/12/2021;20:00:00;Real Madrid;Ath Madrid;2;0;H;1;0;H;7;9;3;6;17;15;3;6;2;3;0;0
SP1;13/12/2021;20:00:00;Cadiz;Granada;1;1;D;1;0;H;13;16;3;5;14;10;8;1;5;0;1;0
SP1;17/12/2021;20:00:00;Celta;Espanol;3;1;H;1;0;H;12;6;5;3;13;5;3;3;2;1;0;0
SP1;18/12/2021;13:00:00;Vallecano;Alaves;2;0;H;2;0;H;20;6;5;4;12;19;5;5;1;2;0;0
SP1;18/12/2021;15:15:00;Sociedad;Villarreal;1;3;A;1;1;D;8;15;4;8;9;15;5;5;2;3;1;0
SP1;18/12/2021;17:30:00;Barcelona;Elche;3;2;H;2;0;H;19;5;8;3;13;17;5;0;1;3;0;0
SP1;18/12/2021;20:00:00;Sevilla;Ath Madrid;2;1;H;1;1;D;6;15;2;3;15;14;4;7;2;1;0;0
SP1;19/12/2021;13:00:00;Granada;Mallorca;4;1;H;1;1;D;15;8;6;5;12;15;4;2;3;2;0;0
SP1;19/12/2021;15:15:00;Ath Bilbao;Betis;3;2;H;1;1;D;9;16;6;8;7;12;5;6;1;3;0;0
SP1;19/12/2021;17:30:00;Getafe;Osasuna;1;0;H;0;0;D;18;11;4;2;14;8;4;3;3;1;0;0
SP1;19/12/2021;20:00:00;Real Madrid;Cadiz;0;0;D;0;0;D;36;4;9;0;9;10;13;2;1;1;0;0
SP1;20/12/2021;20:00:00;Levante;Valencia;3;4;A;2;1;H;15;15;9;8;21;11;6;4;3;4;0;0
SP1;21/12/2021;18:00:00;Villarreal;Alaves;5;2;H;2;1;H;24;4;10;2;16;14;6;2;0;2;0;0
SP1;21/12/2021;20:30:00;Sevilla;Barcelona;1;1;D;1;1;D;5;23;1;7;15;13;4;9;2;3;1;0
SP1;22/12/2021;18:00:00;Granada;Ath Madrid;2;1;H;1;1;D;6;15;4;3;17;7;2;7;4;1;0;0
SP1;22/12/2021;20:30:00;Ath Bilbao;Real Madrid;1;2;A;1;2;A;15;12;2;7;17;7;7;0;2;2;0;0
SP1;31/12/2021;15:15:00;Valencia;Espanol;1;2;A;0;0;D;12;15;2;4;19;14;7;5;7;3;1;0
SP1;02/01/2022;13:00:00;Getafe;Real Madrid;1;0;H;1;0;H;6;14;3;4;20;8;2;9;3;2;0;0
SP1;02/01/2022;15:15:00;Ath Madrid;Vallecano;2;0;H;1;0;H;15;5;5;0;14;12;8;2;3;0;0;0
SP1;02/01/2022;15:15:00;Elche;Granada;0;0;D;0;0;D;18;10;2;5;18;15;6;3;3;3;1;0
SP1;02/01/2022;17:30:00;Alaves;Sociedad;1;1;D;0;1;A;19;10;5;4;22;10;2;3;3;3;0;0
SP1;02/01/2022;17:30:00;Betis;Celta;0;2;A;0;2;A;18;7;7;5;15;11;3;3;1;2;0;0
SP1;02/01/2022;20:00:00;Mallorca;Barcelona;0;1;A;0;1;A;13;13;3;4;22;24;4;3;5;2;0;0
SP1;03/01/2022;18:00:00;Villarreal;Levante;5;0;H;3;0;H;17;7;7;3;12;9;6;5;3;2;0;0
SP1;03/01/2022;20:00:00;Osasuna;Ath Bilbao;1;3;A;1;2;A;15;17;4;5;12;7;4;5;5;2;1;0
SP1;03/01/2022;20:15:00;Cadiz;Sevilla;0;1;A;0;0;D;9;14;2;4;5;9;2;8;0;1;0;0
SP1;08/01/2022;13:00:00;Levante;Mallorca;2;0;H;0;0;D;16;15;8;8;20;11;5;5;3;1;1;0
SP1;08/01/2022;15:15:00;Sociedad;Celta;1;0;H;1;0;H;12;4;3;0;10;18;6;4;3;3;0;0
SP1;08/01/2022;17:30:00;Granada;Barcelona;1;1;D;0;0;D;14;13;4;1;9;21;3;2;2;5;0;1
SP1;08/01/2022;20:00:00;Real Madrid;Valencia;4;1;H;1;0;H;23;12;8;7;15;24;3;8;3;3;0;0
SP1;09/01/2022;13:00:00;Vallecano;Betis;1;1;D;0;1;A;17;9;7;5;18;13;6;4;1;3;0;1
SP1;09/01/2022;15:15:00;Sevilla;Getafe;1;0;H;1;0;H;10;4;1;2;8;20;5;2;1;3;0;0
SP1;09/01/2022;17:30:00;Alaves;Ath Bilbao;0;0;D;0;0;D;12;10;1;2;15;11;7;5;2;0;0;0
SP1;09/01/2022;17:30:00;Osasuna;Cadiz;2;0;H;1;0;H;15;6;5;1;13;13;5;7;2;2;0;0
SP1;09/01/2022;20:00:00;Villarreal;Ath Madrid;2;2;D;1;1;D;13;7;3;5;13;8;7;3;0;2;0;1
SP1;10/01/2022;20:00:00;Espanol;Elche;1;2;A;1;2;A;8;3;3;2;13;18;13;0;4;6;0;0
SP1;16/01/2022;13:00:00;Elche;Villarreal;1;0;H;0;0;D;5;9;2;4;12;15;3;8;4;3;0;0
SP1;18/01/2022;19:00:00;Betis;Alaves;4;0;H;3;0;H;18;9;5;2;14;14;8;3;2;0;0;0
SP1;18/01/2022;20:30:00;Cadiz;Espanol;2;2;D;0;1;A;10;14;4;7;14;9;3;2;5;1;0;0
SP1;19/01/2022;18:00:00;Celta;Osasuna;2;0;H;2;0;H;5;9;3;0;14;11;0;5;1;2;0;0
SP1;19/01/2022;20:30:00;Valencia;Sevilla;1;1;D;1;1;D;10;12;2;3;22;14;4;4;3;3;1;0
SP1;20/01/2022;18:00:00;Getafe;Granada;4;2;H;1;1;D;12;7;4;4;15;10;4;8;3;4;0;0
SP1;21/01/2022;20:00:00;Espanol;Betis;1;4;A;1;2;A;12;15;4;8;15;12;6;5;3;4;1;0
SP1;22/01/2022;13:00:00;Levante;Cadiz;0;2;A;0;1;A;15;8;8;2;15;16;8;2;4;6;0;0
SP1;22/01/2022;15:15:00;Villarreal;Mallorca;3;0;H;2;0;H;12;8;6;2;13;12;10;6;1;2;0;1
SP1;22/01/2022;17:30:00;Sevilla;Celta;2;2;D;0;2;A;16;6;5;4;11;16;7;0;1;4;0;0
SP1;22/01/2022;20:00:00;Ath Madrid;Valencia;3;2;H;0;2;A;16;7;6;3;13;22;5;4;5;6;0;0
SP1;23/01/2022;13:00:00;Granada;Osasuna;0;2;A;0;0;D;6;16;2;7;12;15;4;3;0;2;0;0
SP1;23/01/2022;15:15:00;Real Madrid;Elche;2;2;D;0;1;A;23;3;8;2;11;14;10;3;3;1;0;0
SP1;23/01/2022;17:30:00;Sociedad;Getafe;0;0;D;0;0;D;9;9;3;2;17;13;7;2;1;1;0;0
SP1;23/01/2022;17:30:00;Vallecano;Ath Bilbao;0;1;A;0;1;A;29;9;3;3;8;20;9;7;1;6;0;0
SP1;23/01/2022;20:00:00;Alaves;Barcelona;0;1;A;0;0;D;6;10;2;4;16;8;1;10;0;0;0;0
SP1;04/02/2022;20:00:00;Getafe;Levante;3;0;H;2;0;H;14;11;8;2;12;13;2;8;4;3;0;0
SP1;05/02/2022;13:00:00;Elche;Alaves;3;1;H;0;1;A;14;6;4;2;15;11;7;3;1;1;0;0
SP1;05/02/2022;15:15:00;Mallorca;Cadiz;2;1;H;1;1;D;17;12;5;5;14;15;6;4;2;4;0;0
SP1;05/02/2022;17:30:00;Celta;Vallecano;2;0;H;1;0;H;13;11;3;0;17;17;7;2;0;2;0;0
SP1;05/02/2022;20:00:00;Osasuna;Sevilla;0;0;D;0;0;D;9;9;3;4;13;7;1;1;1;1;0;0
SP1;06/02/2022;13:00:00;Valencia;Sociedad;0;0;D;0;0;D;14;8;3;2;17;14;9;9;4;2;0;0
SP1;06/02/2022;15:15:00;Barcelona;Ath Madrid;4;2;H;3;1;H;9;10;4;4;15;13;3;5;2;2;1;0
SP1;06/02/2022;17:30:00;Betis;Villarreal;0;2;A;0;1;A;9;9;3;3;19;14;6;6;2;3;0;0
SP1;06/02/2022;20:00:00;Real Madrid;Granada;1;0;H;0;0;D;24;7;11;3;9;11;9;2;2;1;0;0
SP1;07/02/2022;20:00:00;Ath Bilbao;Espanol;2;1;H;2;1;H;7;7;4;3;17;11;5;3;3;3;0;0
SP1;11/02/2022;20:00:00;Sevilla;Elche;2;0;H;0;0;D;14;7;6;1;13;14;5;4;1;5;0;0
SP1;12/02/2022;13:00:00;Cadiz;Celta;0;0;D;0;0;D;8;6;2;1;12;19;3;3;3;2;0;0
SP1;12/02/2022;15:15:00;Villarreal;Real Madrid;0;0;D;0;0;D;9;17;2;6;11;10;3;3;2;4;0;0
SP1;12/02/2022;17:30:00;Vallecano;Osasuna;0;3;A;0;2;A;10;12;3;5;11;16;4;5;2;1;0;0
SP1;12/02/2022;20:00:00;Ath Madrid;Getafe;4;3;H;3;3;D;11;10;7;4;18;17;5;4;3;4;1;0
SP1;13/02/2022;13:00:00;Alaves;Valencia;2;1;H;1;0;H;9;9;5;4;15;17;5;9;4;3;0;0
SP1;13/02/2022;15:15:00;Levante;Betis;2;4;A;1;3;A;12;19;4;11;13;8;5;7;1;2;1;0
SP1;13/02/2022;17:30:00;Sociedad;Granada;2;0;H;1;0;H;18;15;8;2;13;13;6;5;0;2;0;0
SP1;13/02/2022;20:00:00;Espanol;Barcelona;2;2;D;1;1;D;10;12;4;4;14;13;3;5;5;4;1;1
SP1;14/02/2022;20:00:00;Mallorca;Ath Bilbao;3;2;H;2;0;H;16;7;5;2;22;15;6;6;6;4;0;0
SP1;16/02/2022;18:00:00;Ath Madrid;Levante;0;1;A;0;0;D;10;8;1;5;9;19;5;3;3;4;0;0
SP1;18/02/2022;20:00:00;Elche;Vallecano;2;1;H;0;0;D;9;13;5;2;18;15;2;3;2;4;0;0
SP1;19/02/2022;13:00:00;Granada;Villarreal;1;4;A;0;2;A;20;15;5;7;15;10;9;2;3;6;0;0
SP1;19/02/2022;15:15:00;Osasuna;Ath Madrid;0;3;A;0;1;A;14;5;4;4;12;19;4;2;1;2;0;0
SP1;19/02/2022;17:30:00;Cadiz;Getafe;1;1;D;1;1;D;9;6;2;1;17;11;7;2;3;4;0;0
SP1;19/02/2022;20:00:00;Real Madrid;Alaves;3;0;H;0;0;D;22;7;9;2;6;11;7;1;1;1;0;0
SP1;20/02/2022;13:00:00;Espanol;Sevilla;1;1;D;0;1;A;11;7;4;2;14;14;3;7;4;5;0;1
SP1;20/02/2022;15:15:00;Valencia;Barcelona;1;4;A;0;3;A;11;6;5;6;22;16;8;3;3;4;0;0
SP1;20/02/2022;17:30:00;Betis;Mallorca;2;1;H;1;0;H;14;10;5;1;13;17;4;7;3;2;0;0
SP1;20/02/2022;20:00:00;Ath Bilbao;Sociedad;4;0;H;0;0;D;18;9;8;2;9;9;6;4;4;1;0;0
SP1;21/02/2022;20:00:00;Celta;Levante;1;1;D;0;0;D;8;13;4;3;15;16;2;5;3;5;0;0
SP1;25/02/2022;20:00:00;Levante;Elche;3;0;H;1;0;H;11;8;4;3;17;8;3;3;1;2;0;1
SP1;26/02/2022;13:00:00;Mallorca;Valencia;0;1;A;0;1;A;23;8;3;4;14;21;14;1;4;6;0;1
SP1;26/02/2022;15:15:00;Getafe;Alaves;2;2;D;0;1;A;12;7;3;3;7;24;6;1;2;4;1;0
SP1;26/02/2022;17:30:00;Vallecano;Real Madrid;0;1;A;0;0;D;19;13;5;6;20;5;5;9;5;3;0;0
SP1;26/02/2022;20:00:00;Ath Madrid;Celta;2;0;H;1;0;H;13;16;6;2;10;7;5;9;4;3;0;0
SP1;27/02/2022;13:00:00;Villarreal;Espanol;5;1;H;3;0;H;19;7;11;2;11;12;10;3;2;1;0;0
SP1;27/02/2022;15:15:00;Sevilla;Betis;2;1;H;2;0;H;12;10;3;2;13;16;4;4;6;3;0;0
SP1;27/02/2022;17:30:00;Sociedad;Osasuna;1;0;H;0;0;D;11;11;5;1;10;9;6;5;0;4;0;0
SP1;27/02/2022;20:00:00;Barcelona;Ath Bilbao;4;0;H;1;0;H;17;6;7;3;8;10;5;0;2;1;0;0
SP1;28/02/2022;20:00:00;Granada;Cadiz;0;0;D;0;0;D;6;12;1;4;12;17;0;4;3;3;1;0
SP1;02/03/2022;20:00:00;Mallorca;Sociedad;0;2;A;0;1;A;13;13;1;3;12;9;3;4;0;2;0;0
SP1;04/03/2022;20:00:00;Alaves;Sevilla;0;0;D;0;0;D;14;13;2;4;16;8;5;5;3;1;0;0
SP1;05/03/2022;13:00:00;Osasuna;Villarreal;1;0;H;0;0;D;12;10;3;1;12;6;6;8;1;0;0;0
SP1;05/03/2022;15:15:00;Espanol;Getafe;2;0;H;2;0;H;4;12;1;3;17;15;1;5;6;5;0;0
SP1;05/03/2022;17:30:00;Valencia;Granada;3;1;H;0;0;D;12;7;4;0;14;13;3;6;3;3;0;0
SP1;05/03/2022;20:00:00;Real Madrid;Sociedad;4;1;H;2;1;H;18;1;8;1;12;14;7;1;0;2;0;0
SP1;06/03/2022;13:00:00;Cadiz;Vallecano;2;0;H;0;0;D;13;14;7;3;23;15;5;6;5;3;0;0
SP1;06/03/2022;15:15:00;Elche;Barcelona;1;2;A;1;0;H;13;20;3;9;10;8;5;6;2;6;1;0
SP1;06/03/2022;17:30:00;Celta;Mallorca;4;3;H;2;1;H;16;12;8;3;17;9;4;5;5;4;1;0
SP1;06/03/2022;20:00:00;Betis;Ath Madrid;1;3;A;1;1;D;18;8;6;6;16;10;10;3;5;3;0;0
SP1;07/03/2022;20:00:00;Ath Bilbao;Levante;3;1;H;0;0;D;17;5;9;2;6;14;4;3;1;2;0;0
SP1;11/03/2022;20:00:00;Ath Madrid;Cadiz;2;1;H;1;1;D;6;14;5;3;23;14;0;4;4;1;1;0
SP1;12/03/2022;13:00:00;Levante;Espanol;1;1;D;0;0;D;14;6;3;1;17;10;8;2;4;4;0;0
SP1;12/03/2022;15:15:00;Granada;Elche;0;1;A;0;1;A;15;13;4;2;15;16;3;3;3;6;0;0
SP1;12/03/2022;17:30:00;Villarreal;Celta;1;0;H;0;0;D;10;12;3;2;12;14;5;6;1;1;0;0
SP1;12/03/2022;20:00:00;Getafe;Valencia;0;0;D;0;0;D;16;6;6;0;18;21;5;3;6;5;0;0
SP1;13/03/2022;13:00:00;Vallecano;Sevilla;1;1;D;0;0;D;10;3;2;2;16;15;5;6;0;1;0;0
SP1;13/03/2022;15:15:00;Betis;Ath Bilbao;1;0;H;1;0;H;8;11;5;2;17;12;5;6;4;5;1;0
SP1;13/03/2022;17:30:00;Sociedad;Alaves;1;0;H;0;0;D;15;13;6;4;15;12;6;4;1;1;0;0
SP1;13/03/2022;20:00:00;Barcelona;Osasuna;4;0;H;3;0;H;24;4;9;3;7;4;5;1;0;4;0;0
SP1;14/03/2022;20:00:00;Mallorca;Real Madrid;0;3;A;0;0;D;14;11;3;5;13;15;1;6;3;3;0;0
SP1;18/03/2022;20:00:00;Ath Bilbao;Getafe;1;1;D;1;1;D;22;7;11;2;15;13;8;2;4;5;0;2
SP1;19/03/2022;13:00:00;Alaves;Granada;2;3;A;0;0;D;11;12;6;3;12;10;6;2;4;6;0;1
SP1;19/03/2022;15:15:00;Elche;Valencia;0;1;A;0;0;D;8;8;2;3;19;14;4;2;3;3;1;0
SP1;19/03/2022;17:30:00;Osasuna;Levante;3;1;H;1;0;H;20;13;7;4;9;17;6;1;0;1;0;0
SP1;19/03/2022;20:00:00;Vallecano;Ath Madrid;0;1;A;0;0;D;15;11;3;3;15;12;3;6;0;0;0;1
SP1;20/03/2022;13:00:00;Espanol;Mallorca;1;0;H;1;0;H;12;9;3;3;14;12;6;6;3;3;0;0
SP1;20/03/2022;15:15:00;Cadiz;Villarreal;1;0;H;0;0;D;16;3;7;1;11;11;6;3;3;2;0;0
SP1;20/03/2022;15:15:00;Celta;Betis;0;0;D;0;0;D;9;7;3;1;12;12;2;2;1;2;0;0
SP1;20/03/2022;17:30:00;Sevilla;Sociedad;0;0;D;0;0;D;10;13;0;2;12;13;7;3;0;3;0;0
SP1;20/03/2022;20:00:00;Real Madrid;Barcelona;0;4;A;0;2;A;14;18;4;10;9;12;4;3;4;4;0;0
SP1;02/04/2022;13:00:00;Getafe;Mallorca;1;0;H;0;0;D;16;7;3;1;15;22;5;1;5;6;0;1
SP1;02/04/2022;15:15:00;Levante;Villarreal;2;0;H;0;0;D;13;13;4;2;16;13;1;8;4;2;0;0
SP1;02/04/2022;17:30:00;Celta;Real Madrid;1;2;A;0;1;A;10;12;4;6;16;12;9;3;3;0;0;0
SP1;02/04/2022;20:00:00;Ath Madrid;Alaves;4;1;H;1;0;H;14;7;8;1;10;13;8;2;1;0;0;0
SP1;03/04/2022;13:00:00;Ath Bilbao;Elche;2;1;H;1;0;H;16;6;6;2;14;16;7;4;2;4;0;0
SP1;03/04/2022;15:15:00;Betis;Osasuna;4;1;H;2;0;H;24;10;8;3;11;5;11;7;1;3;0;0
SP1;03/04/2022;17:30:00;Granada;Vallecano;2;2;D;0;2;A;17;10;9;4;14;14;5;4;4;5;0;1
SP1;03/04/2022;17:30:00;Valencia;Cadiz;0;0;D;0;0;D;5;4;1;3;11;18;4;3;3;6;0;1
SP1;03/04/2022;20:00:00;Barcelona;Sevilla;1;0;H;0;0;D;19;8;6;3;12;8;9;2;3;3;0;0
SP1;04/04/2022;20:00:00;Sociedad;Espanol;1;0;H;0;0;D;17;8;6;2;17;13;6;0;2;4;0;0
SP1;08/04/2022;20:00:00;Sevilla;Granada;4;2;H;1;1;D;16;15;8;5;7;7;14;3;2;2;0;0
SP1;09/04/2022;13:00:00;Cadiz;Betis;1;2;A;0;0;D;10;10;4;3;18;10;8;4;1;2;0;0
SP1;09/04/2022;15:15:00;Mallorca;Ath Madrid;1;0;H;0;0;D;10;9;3;1;14;11;1;6;1;4;0;0
SP1;09/04/2022;17:30:00;Villarreal;Ath Bilbao;1;1;D;0;1;A;11;12;5;6;17;15;7;2;2;3;0;0
SP1;09/04/2022;20:00:00;Real Madrid;Getafe;2;0;H;1;0;H;26;8;8;0;13;11;10;2;2;2;0;0
SP1;10/04/2022;13:00:00;Osasuna;Alaves;1;0;H;0;0;D;15;8;4;2;12;6;7;3;3;1;0;0
SP1;10/04/2022;15:15:00;Espanol;Celta;1;0;H;0;0;D;11;10;2;5;12;21;2;3;4;1;0;0
SP1;10/04/2022;17:30:00;Elche;Sociedad;1;2;A;1;2;A;10;17;1;6;15;12;8;9;3;3;0;0
SP1;10/04/2022;20:00:00;Levante;Barcelona;2;3;A;0;0;D;11;14;6;7;8;7;4;3;1;1;0;0
SP1;11/04/2022;20:00:00;Vallecano;Valencia;1;1;D;0;0;D;11;6;4;2;13;17;5;4;3;4;0;0
SP1;15/04/2022;20:00:00;Sociedad;Betis;0;0;D;0;0;D;9;9;2;2;17;7;8;1;4;4;1;0
SP1;16/04/2022;13:00:00;Elche;Mallorca;3;0;H;1;0;H;6;13;2;2;17;13;2;1;2;3;0;0
SP1;16/04/2022;15:15:00;Alaves;Vallecano;1;0;H;0;0;D;11;20;5;3;10;9;2;12;2;3;0;1
SP1;16/04/2022;17:30:00;Valencia;Osasuna;1;2;A;0;0;D;11;9;4;3;11;22;9;5;1;2;0;0
SP1;16/04/2022;20:00:00;Getafe;Villarreal;1;2;A;0;2;A;12;11;5;6;17;6;6;6;2;0;0;0
SP1;17/04/2022;13:00:00;Granada;Levante;1;4;A;0;1;A;16;17;4;8;10;9;13;2;5;2;1;0
SP1;17/04/2022;15:15:00;Ath Madrid;Espanol;2;1;H;0;0;D;10;11;3;5;18;12;6;3;5;5;1;0
SP1;17/04/2022;17:30:00;Ath Bilbao;Celta;0;2;A;0;2;A;10;6;2;4;13;15;5;4;2;2;0;0
SP1;17/04/2022;20:00:00;Sevilla;Real Madrid;2;3;A;2;0;H;7;15;2;6;11;9;0;3;3;4;0;0
SP1;18/04/2022;20:00:00;Barcelona;Cadiz;0;1;A;0;0;D;18;6;6;4;16;9;8;1;4;1;0;0
SP1;19/04/2022;18:00:00;Mallorca;Alaves;2;1;H;2;0;H;5;12;3;4;25;15;0;6;2;6;0;0
SP1;19/04/2022;20:00:00;Betis;Elche;0;1;A;0;0;D;18;9;3;1;9;14;2;3;2;3;1;0
SP1;19/04/2022;20:30:00;Villarreal;Valencia;2;0;H;2;0;H;12;5;5;1;14;12;3;2;2;3;0;0
SP1;20/04/2022;18:00:00;Ath Madrid;Granada;0;0;D;0;0;D;22;7;1;2;9;12;11;1;4;5;0;0
SP1;20/04/2022;19:00:00;Celta;Getafe;0;2;A;0;1;A;9;6;2;3;13;13;2;1;2;5;0;0
SP1;20/04/2022;20:30:00;Osasuna;Real Madrid;1;3;A;1;2;A;12;23;3;11;13;7;3;4;1;3;0;0
SP1;21/04/2022;18:00:00;Espanol;Vallecano;0;1;A;0;1;A;6;13;2;2;14;18;3;10;4;4;0;0
SP1;21/04/2022;18:00:00;Levante;Sevilla;2;3;A;1;2;A;15;13;6;6;9;12;10;4;1;5;0;0
SP1;21/04/2022;19:00:00;Cadiz;Ath Bilbao;2;3;A;0;3;A;27;9;8;7;9;15;4;1;3;5;0;1
SP1;21/04/2022;20:30:00;Sociedad;Barcelona;0;1;A;0;1;A;8;11;5;1;12;9;5;3;1;2;0;0
SP1;24/04/2022;20:00:00;Barcelona;Vallecano;0;1;A;0;1;A;18;3;5;1;10;1;9;1;4;6;0;0
SP1;29/04/2022;20:00:00;Sevilla;Cadiz;1;1;D;1;0;H;11;10;6;4;15;11;5;6;2;2;0;0
SP1;30/04/2022;13:00:00;Alaves;Villarreal;2;1;H;2;0;H;11;16;5;6;14;5;5;8;5;2;0;0
SP1;30/04/2022;15:15:00;Real Madrid;Espanol;4;0;H;2;0;H;11;20;5;6;11;6;6;8;2;0;0;0
SP1;30/04/2022;17:30:00;Valencia;Levante;1;1;D;1;0;H;6;24;1;6;11;21;1;7;4;3;1;0
SP1;30/04/2022;20:00:00;Ath Bilbao;Ath Madrid;2;0;H;1;0;H;11;9;4;3;18;15;5;3;3;3;0;0
SP1;01/05/2022;13:00:00;Elche;Osasuna;1;1;D;0;0;D;11;9;4;3;13;18;7;4;4;2;0;0
SP1;01/05/2022;15:15:00;Granada;Celta;1;1;D;0;0;D;15;13;6;6;11;13;5;4;1;3;0;0
SP1;01/05/2022;17:30:00;Vallecano;Sociedad;1;1;D;0;1;A;13;8;7;3;15;7;8;5;2;1;0;0
SP1;01/05/2022;20:00:00;Barcelona;Mallorca;2;1;H;1;0;H;17;6;5;2;13;12;5;2;2;3;0;0
SP1;02/05/2022;20:00:00;Getafe;Betis;0;0;D;0;0;D;13;9;2;4;13;13;2;4;1;1;0;0
SP1;06/05/2022;20:00:00;Levante;Sociedad;2;1;H;0;0;D;16;21;7;6;10;11;7;6;2;3;0;0
SP1;07/05/2022;13:00:00;Mallorca;Granada;2;6;A;1;1;D;18;14;8;7;11;13;5;5;3;2;0;0
SP1;07/05/2022;15:15:00;Ath Bilbao;Valencia;0;0;D;0;0;D;10;4;5;1;13;22;4;2;4;4;0;1
SP1;07/05/2022;17:30:00;Cadiz;Elche;3;0;H;0;0;D;17;4;7;2;18;13;8;1;1;0;0;1
SP1;07/05/2022;17:30:00;Celta;Alaves;4;0;H;2;0;H;15;3;7;1;7;7;7;1;1;3;0;1
SP1;07/05/2022;20:00:00;Betis;Barcelona;1;2;A;0;0;D;14;11;5;5;16;18;4;8;1;2;0;0
SP1;08/05/2022;13:00:00;Getafe;Vallecano;0;0;D;0;0;D;12;12;6;1;20;14;4;5;3;4;0;0
SP1;08/05/2022;15:15:00;Villarreal;Sevilla;1;1;D;0;0;D;14;7;6;2;14;15;4;2;3;0;0;0
SP1;08/05/2022;17:30:00;Espanol;Osasuna;1;1;D;0;1;A;12;12;3;5;6;15;6;6;1;3;0;0
SP1;08/05/2022;20:00:00;Ath Madrid;Real Madrid;1;0;H;1;0;H;16;15;2;6;17;7;4;6;2;4;0;0
SP1;10/05/2022;18:00:00;Valencia;Betis;0;3;A;0;0;D;19;9;5;5;17;11;7;3;1;3;0;0
SP1;10/05/2022;19:00:00;Granada;Ath Bilbao;1;0;H;1;0;H;12;8;2;1;20;11;2;7;4;2;0;1
SP1;10/05/2022;20:30:00;Barcelona;Celta;3;1;H;2;0;H;10;13;4;5;18;6;2;8;3;0;0;1
SP1;11/05/2022;18:00:00;Alaves;Espanol;2;1;H;1;1;D;27;5;9;3;11;15;12;3;3;3;0;1
SP1;11/05/2022;18:00:00;Osasuna;Getafe;1;1;D;1;1;D;12;6;1;0;10;17;7;2;2;4;0;1
SP1;11/05/2022;19:30:00;Sevilla;Mallorca;0;0;D;0;0;D;18;10;4;2;11;18;6;3;4;6;0;0
SP1;11/05/2022;20:30:00;Elche;Ath Madrid;0;2;A;0;1;A;9;11;0;6;16;7;6;3;2;2;0;0
SP1;12/05/2022;18:00:00;Sociedad;Cadiz;3;0;H;1;0;H;13;14;7;1;13;11;2;12;4;2;0;0
SP1;12/05/2022;19:00:00;Vallecano;Villarreal;1;5;A;1;4;A;17;11;3;8;13;10;9;3;5;2;0;0
SP1;12/05/2022;20:30:00;Real Madrid;Levante;6;0;H;4;0;H;27;16;16;1;8;6;6;6;2;1;0;0
SP1;14/05/2022;17:30:00;Espanol;Valencia;1;1;D;1;1;D;5;18;3;5;18;15;2;3;4;1;0;0
SP1;15/05/2022;18:30:00;Ath Bilbao;Osasuna;2;0;H;1;0;H;14;8;8;1;6;14;10;6;0;0;0;0
SP1;15/05/2022;18:30:00;Ath Madrid;Sevilla;1;1;D;1;0;H;12;8;3;4;14;18;4;5;2;5;0;0
SP1;15/05/2022;18:30:00;Betis;Granada;2;0;H;1;0;H;11;14;4;4;11;17;4;9;0;1;0;0
SP1;15/05/2022;18:30:00;Cadiz;Real Madrid;1;1;D;1;1;D;21;16;7;7;13;11;10;2;7;2;0;0
SP1;15/05/2022;18:30:00;Celta;Elche;1;0;H;1;0;H;14;10;5;1;11;12;7;5;2;2;0;0
SP1;15/05/2022;18:30:00;Getafe;Barcelona;0;0;D;0;0;D;9;5;3;1;9;8;5;5;1;2;0;0
SP1;15/05/2022;18:30:00;Levante;Alaves;3;1;H;0;1;A;15;6;5;2;19;10;3;4;8;6;0;0
SP1;15/05/2022;18:30:00;Mallorca;Vallecano;2;1;H;1;0;H;12;11;5;4;13;8;5;3;1;0;0;0
SP1;15/05/2022;18:30:00;Villarreal;Sociedad;1;2;A;1;0;H;10;11;4;6;12;16;4;3;4;2;0;0
SP1;20/05/2022;20:00:00;Real Madrid;Betis;0;0;D;0;0;D;17;11;3;2;7;12;8;5;0;0;0;0
SP1;20/05/2022;20:00:00;Vallecano;Levante;2;4;A;1;3;A;19;14;8;7;8;12;7;3;0;3;0;0
SP1;21/05/2022;16:30:00;Valencia;Celta;2;0;H;1;0;H;10;9;3;3;22;19;3;3;3;3;0;0
SP1;22/05/2022;16:30:00;Elche;Getafe;3;1;H;1;1;D;19;7;9;2;11;9;8;3;2;2;0;0
SP1;22/05/2022;19:00:00;Alaves;Cadiz;0;1;A;0;0;D;9;13;2;6;11;13;4;4;0;1;0;0
SP1;22/05/2022;19:00:00;Granada;Espanol;0;0;D;0;0;D;15;10;5;5;9;12;7;3;1;0;0;0
SP1;22/05/2022;19:00:00;Osasuna;Mallorca;0;2;A;0;0;D;11;14;1;6;8;14;5;7;2;2;0;0
SP1;22/05/2022;21:00:00;Barcelona;Villarreal;0;2;A;0;1;A;14;4;3;3;12;7;12;1;3;1;0;0
SP1;22/05/2022;21:00:00;Sevilla;Ath Bilbao;1;0;H;0;0;D;13;9;3;1;13;12;5;0;3;3;0;0
SP1;22/05/2022;21:00:00;Sociedad;Ath Madrid;1;2;A;0;0;D;12;6;3;5;16;11;3;2;4;2;0;0
